Company,Logo URL,Offer,Expire Date,Bank Name
Vrbo Logo,https://toesimg.bankofamerica.com/deals?=63155128128.png,Up to 20%,03/13/2025,Bank Of America
Skiing Deals Logo,https://toesimg.bankofamerica.com/deals?=63539128128.png,Great Deals,03/01/2025,Bank Of America
Lenovo Logo,https://toesimg.bankofamerica.com/deals?=63523128128.png,5-50%,02/05/2025,Bank Of America
Movie Ticket Deals Logo,https://toesimg.bankofamerica.com/deals?=63385128128.png,Great Deals,02/03/2025,Bank Of America
Universal Orlando Resort Logo,https://toesimg.bankofamerica.com/deals?=63315128128.png,Great Deals,02/03/2025,Bank Of America
Tax Season Logo,https://toesimg.bankofamerica.com/deals?=63583128128.png,See Details,04/15/2025,Bank Of America
Notarize Logo,https://toesimg.bankofamerica.com/deals?=63413128128.png,15%,01/08/2025,Bank Of America
Clinique Logo,https://toesimg.bankofamerica.com/deals?=63572128128.png,4%,01/06/2025,Bank Of America
Celebrity Cruise Lines Logo,https://toesimg.bankofamerica.com/deals?=63409128128.png,15%,02/14/2025,Bank Of America
Booking.com Logo,https://toesimg.bankofamerica.com/deals?=62621128128.png,Up to 20%,03/13/2025,Bank Of America
Starbucks Logo,https://toesimg.bankofamerica.com/deals?=63042128128.png,Use Link,08/14/2025,Bank Of America
Hotels Logo,https://toesimg.bankofamerica.com/deals?=63516128128.png,Up to 20%,01/09/2025,Bank Of America
RentalCars.com Logo,https://toesimg.bankofamerica.com/deals?=62944128128.png,5%,12/31/2024,Bank Of America
AMC Theaters Logo,https://toesimg.bankofamerica.com/deals?=63313128128.png,Great Deals,02/03/2025,Bank Of America
Paramount+ Logo,https://toesimg.bankofamerica.com/OPS/BankImages.ashx?ImageId=202412131000071072,$3.00,12/31/2024,Bank Of America
Instant Travel Logo,https://toesimg.bankofamerica.com/deals?=63533128128.png,5- 20%,01/09/2025,Bank Of America
Expedia.com Logo,https://toesimg.bankofamerica.com/deals?=62654128128.png,Up to 20%,03/13/2025,Bank Of America
AFC Logo,https://toesimg.bankofamerica.com/deals?=63527128128.png,Up to $300,01/11/2025,Bank Of America
Levi's Logo,https://toesimg.bankofamerica.com/deals?=63576128128.png,2%,12/31/2024,Bank Of America
Legoland Parks Logo,https://toesimg.bankofamerica.com/deals?=63305128128.png,Great Deals,02/03/2025,Bank Of America
Universal Studios Hollywood Logo,https://toesimg.bankofamerica.com/deals?=63316128128.png,Great Deals,02/03/2025,Bank Of America
Redbubble Logo,https://toesimg.bankofamerica.com/OPS/BankImages.ashx?ImageId=202412181000067660,10%,12/31/2024,Bank Of America
Silversea Logo,https://toesimg.bankofamerica.com/deals?=63410128128.png,15%,02/14/2025,Bank Of America
The Knot Invitations Logo,https://toesimg.bankofamerica.com/OPS/BankImages.ashx?ImageId=202412211000071724,$20.00,02/15/2025,Bank Of America
Museums on Us Logo,https://toesimg.bankofamerica.com/deals?=63414128128.png,See Details,02/10/2025,Bank Of America
Turbo Tax Logo,https://toesimg.bankofamerica.com/deals?=63557128128.png,$20,04/15/2025,Bank Of America
QVC.com Logo,https://toesimg.bankofamerica.com/deals?=63452128128.png,3%,01/06/2025,Bank Of America
Royal Caribbean International Logo,https://toesimg.bankofamerica.com/deals?=63407128128.png,15%,02/14/2025,Bank Of America
ebay Logo,https://toesimg.bankofamerica.com/deals?=63419128128.png,10%,12/31/2024,Bank Of America
Little Caesars Logo,https://toesimg.bankofamerica.com/OPS/BankImages.ashx?ImageId=202412191000070287,10%,12/31/2024,Bank Of America
teleflora Logo,https://toesimg.bankofamerica.com/deals?=63529128128.png,20%,01/09/2025,Bank Of America
Hotels.com Logo,https://toesimg.bankofamerica.com/deals?=63219128128.png,Up to 20%,03/13/2025,Bank Of America
Sephora.com Logo,https://toesimg.bankofamerica.com/deals?=63569128128.png,2%,01/25/2025,Bank Of America
TaxAct Logo,https://toesimg.bankofamerica.com/deals?=63534128128.png,30%,04/30/2025,Bank Of America
1-800-Flowers.com Logo,https://toesimg.bankofamerica.com/OPS/BankImages.ashx?ImageId=202412241000071925,10%,02/07/2025,Bank Of America
sams  Logo,https://toesimg.bankofamerica.com/deals?=63515128128.png,$10,02/02/2025,Bank Of America
dyson Logo,https://toesimg.bankofamerica.com/deals?=63476128128.jpeg,2%,12/31/2024,Bank Of America
Mint Logo,https://toesimg.bankofamerica.com/deals?=63507128128.png,Up to 50%,02/02/2025,Bank Of America
Baskin-Robbins Logo,https://toesimg.bankofamerica.com/OPS/BankImages.ashx?ImageId=202412181000071795,10%,01/31/2025,Bank Of America
Ancestry.com Logo,https://toesimg.bankofamerica.com/deals?=63566128128.png,12%,12/31/2024,Bank Of America
Saks.com Logo,https://toesimg.bankofamerica.com/deals?=63453128128.png,1%,12/31/2024,Bank Of America
lululemon Logo,https://toesimg.bankofamerica.com/deals?=63578128128.png,2%,01/25/2025,Bank Of America
Macys.com Logo,https://toesimg.bankofamerica.com/deals?=63559128128.png,2%,01/25/2025,Bank Of America
Bloomingdale's Logo,https://toesimg.bankofamerica.com/deals?=63582128128.png,2%,01/25/2025,Bank Of America
Burberry Logo,https://toesimg.bankofamerica.com/deals?=63509128128.png,4%,12/31/2024,Bank Of America
kate spade Logo,https://toesimg.bankofamerica.com/deals?=63469128128.png,2%,12/31/2024,Bank Of America
Lancome Logo,https://toesimg.bankofamerica.com/deals?=63564128128.png,3%,01/25/2025,Bank Of America
Under Armour Logo,https://toesimg.bankofamerica.com/deals?=63573128128.png,3%,01/06/2025,Bank Of America
Staples.com Logo,https://toesimg.bankofamerica.com/deals?=63444128128.png,2%,01/25/2025,Bank Of America
Carter's Logo,https://toesimg.bankofamerica.com/deals?=63475128128.png,3%,01/25/2025,Bank Of America
Urban Outfitters Logo,https://toesimg.bankofamerica.com/deals?=63456128128.png,2%,12/31/2024,Bank Of America
Walgreens Logo,https://toesimg.bankofamerica.com/deals?=63575128128.png,3%,01/25/2025,Bank Of America
Lowe's Logo,https://toesimg.bankofamerica.com/deals?=63477128128.png,1%,01/25/2025,Bank Of America
Kate Spade Outlet Logo,https://toesimg.bankofamerica.com/deals?=63494128128.png,2%,12/31/2024,Bank Of America
GNC.com Logo,https://toesimg.bankofamerica.com/deals?=63518128128.png,3%,01/25/2025,Bank Of America
HSN.com Logo,https://toesimg.bankofamerica.com/deals?=63560128128.png,2%,01/06/2025,Bank Of America
Walmart.com Logo,https://toesimg.bankofamerica.com/deals?=63510128128.png,1%,01/25/2025,Bank Of America
Ruggable Logo,https://toesimg.bankofamerica.com/deals?=63492128128.jpeg,2%,01/25/2025,Bank Of America
Kohl's Logo,https://toesimg.bankofamerica.com/deals?=63448128128.png,2%,12/31/2024,Bank Of America
Total Wine & More Logo,https://toesimg.bankofamerica.com/deals?=63556128128.png,2%,01/06/2025,Bank Of America
Samsung Logo,https://toesimg.bankofamerica.com/deals?=63577128128.png,4%,01/06/2025,Bank Of America
OfficeDepot.com Logo,https://toesimg.bankofamerica.com/deals?=63435128128.png,2%,12/31/2024,Bank Of America
PaulasChoice.com Logo,https://toesimg.bankofamerica.com/deals?=63586127127.png,15% was 5%,12/31/2024,Bank Of America
Ace Hardware Logo,https://toesimg.bankofamerica.com/deals?=63462128128.png,2%,01/25/2025,Bank Of America
Sam's Club Logo,https://toesimg.bankofamerica.com/deals?=63574128128.png,1%,01/06/2025,Bank Of America
Neiman Marcus Logo,https://toesimg.bankofamerica.com/deals?=63568128128.png,4%,01/25/2025,Bank Of America
Nike Logo,https://toesimg.bankofamerica.com/deals?=63570128128.png,2%,01/06/2025,Bank Of America
Dior Beauty Logo,https://toesimg.bankofamerica.com/deals?=63580128128.png,6%,12/31/2024,Bank Of America
Zappos.com Logo,https://toesimg.bankofamerica.com/deals?=63432128128.png,6%,01/25/2025,Bank Of America
Bed Bath & Beyond Logo,https://toesimg.bankofamerica.com/deals?=63426128128.png,2%,01/25/2025,Bank Of America
PetSmart Logo,https://toesimg.bankofamerica.com/deals?=63436128128.png,5%,01/25/2025,Bank Of America
Bergdorf Goodman Logo,https://toesimg.bankofamerica.com/deals?=63519128128.jpeg,1%,01/25/2025,Bank Of America
Finish Line Logo,https://toesimg.bankofamerica.com/deals?=63447128128.jpeg,4%,01/25/2025,Bank Of America
Kiehl's Since 1851 Logo,https://toesimg.bankofamerica.com/deals?=63565128128.png,6%,01/25/2025,Bank Of America
LEGO Logo,https://toesimg.bankofamerica.com/deals?=63451128128.png,2%,01/25/2025,Bank Of America
BestBuy.com Logo,https://toesimg.bankofamerica.com/deals?=63514128128.png,1%,01/25/2025,Bank Of America
StubHub Logo,https://toesimg.bankofamerica.com/deals?=63466128128.jpeg,3%,01/25/2025,Bank Of America
Omaha Steaks Logo,https://toesimg.bankofamerica.com/deals?=63500128128.jpeg,5%,12/31/2024,Bank Of America
Home Depot Logo,https://toesimg.bankofamerica.com/deals?=63563128128.png,1%,01/25/2025,Bank Of America
Saks OFF 5TH Logo,https://toesimg.bankofamerica.com/deals?=63540128128.png,2%,12/31/2024,Bank Of America
Tory Burch Logo,https://toesimg.bankofamerica.com/deals?=63474128128.png,4%,01/25/2025,Bank Of America
Adidas Logo,https://toesimg.bankofamerica.com/deals?=63562128128.png,5%,01/25/2025,Bank Of America
Ulta Beauty Logo,https://toesimg.bankofamerica.com/deals?=63561128128.png,3%,01/06/2025,Bank Of America
Shutterfly.com Logo,https://toesimg.bankofamerica.com/deals?=63525128128.png,1%,01/25/2025,Bank Of America
H&M Logo,https://toesimg.bankofamerica.com/deals?=63483128128.png,3%,12/31/2024,Bank Of America
LG Electronics Logo,https://toesimg.bankofamerica.com/deals?=63504128128.png,3%,01/21/2025,Bank Of America
MAC Cosmetics Logo,https://toesimg.bankofamerica.com/deals?=63579128128.png,5%,01/25/2025,Bank Of America
Giftcards.com Logo,https://toesimg.bankofamerica.com/deals?=63508128128.png,2%,12/31/2024,Bank Of America
Coach Logo,https://toesimg.bankofamerica.com/deals?=63567128128.png,1%,01/18/2025,Bank Of America
KOHLER Logo,https://toesimg.bankofamerica.com/deals?=63490128128.png,3%,12/31/2024,Bank Of America
Vivino Logo,https://toesimg.bankofamerica.com/deals?=63538128128.png,$20,01/06/2025,Bank Of America
Car Rental Logo,https://toesimg.bankofamerica.com/deals?=63517128128.png,Up to 15%,01/09/2025,Bank Of America
Grocery Deals Logo,https://toesimg.bankofamerica.com/deals?=63292128128.png,Up to 30%,01/09/2025,Bank Of America
TicketSmarter Logo,https://toesimg.bankofamerica.com/deals?=63422128128.png,8%,01/26/2025,Bank Of America
Turo Logo,https://toesimg.bankofamerica.com/deals?=63415128128.png,$30,01/26/2025,Bank Of America
POMP Flowers Logo,https://toesimg.bankofamerica.com/deals?=63384128128.png,$20.00,01/30/2025,Bank Of America
Walt Disney World Logo,https://toesimg.bankofamerica.com/deals?=63318128128.png,Great Deals,02/03/2025,Bank Of America
Disneyland Resort Logo,https://toesimg.bankofamerica.com/deals?=63314128128.png,Great Deals,02/03/2025,Bank Of America
ADT Logo,https://toesimg.bankofamerica.com/deals?=63526128128.png,$850,02/10/2025,Bank Of America
Rose Farmers Logo,https://toesimg.bankofamerica.com/deals?=63528128128.png,$39.99,02/10/2025,Bank Of America
Gift Cards Logo,https://toesimg.bankofamerica.com/deals?=63418128128.png,See Details,02/12/2025,Bank Of America
